SIZE	1982494987	COUNT	2	POTENTIAL_BYTES	1982494987
SIZE	1319906999	COUNT	2	POTENTIAL_BYTES	1319906999
SIZE	1131540115	COUNT	2	POTENTIAL_BYTES	1131540115
SIZE	944156844	COUNT	5	POTENTIAL_BYTES	3776627376
SIZE	798265990	COUNT	2	POTENTIAL_BYTES	798265990
SIZE	773007882	COUNT	2	POTENTIAL_BYTES	773007882
SIZE	770971541	COUNT	2	POTENTIAL_BYTES	770971541
SIZE	716374968	COUNT	2	POTENTIAL_BYTES	716374968
SIZE	678055624	COUNT	2	POTENTIAL_BYTES	678055624
SIZE	620516539	COUNT	2	POTENTIAL_BYTES	620516539
SIZE	597706611	COUNT	2	POTENTIAL_BYTES	597706611
SIZE	592253658	COUNT	2	POTENTIAL_BYTES	592253658
SIZE	575809391	COUNT	2	POTENTIAL_BYTES	575809391
SIZE	570996922	COUNT	2	POTENTIAL_BYTES	570996922
SIZE	565027177	COUNT	2	POTENTIAL_BYTES	565027177
SIZE	549267731	COUNT	5	POTENTIAL_BYTES	2197070924
SIZE	521041626	COUNT	7	POTENTIAL_BYTES	3126249756
SIZE	519268787	COUNT	2	POTENTIAL_BYTES	519268787
SIZE	439863614	COUNT	2	POTENTIAL_BYTES	439863614
SIZE	430451414	COUNT	2	POTENTIAL_BYTES	430451414
SIZE	424780950	COUNT	2	POTENTIAL_BYTES	424780950
SIZE	417469653	COUNT	2	POTENTIAL_BYTES	417469653
SIZE	409289620	COUNT	2	POTENTIAL_BYTES	409289620
SIZE	405625710	COUNT	3	POTENTIAL_BYTES	811251420
SIZE	385839919	COUNT	2	POTENTIAL_BYTES	385839919
SIZE	374185048	COUNT	2	POTENTIAL_BYTES	374185048
SIZE	365663820	COUNT	2	POTENTIAL_BYTES	365663820
SIZE	355052444	COUNT	7	POTENTIAL_BYTES	2130314664
SIZE	354492556	COUNT	5	POTENTIAL_BYTES	1417970224
SIZE	342085366	COUNT	2	POTENTIAL_BYTES	342085366
SIZE	341991156	COUNT	2	POTENTIAL_BYTES	341991156
SIZE	323229192	COUNT	2	POTENTIAL_BYTES	323229192
SIZE	314753330	COUNT	3	POTENTIAL_BYTES	629506660
SIZE	314654531	COUNT	3	POTENTIAL_BYTES	629309062
SIZE	313953650	COUNT	2	POTENTIAL_BYTES	313953650
SIZE	304886270	COUNT	2	POTENTIAL_BYTES	304886270
SIZE	289094188	COUNT	2	POTENTIAL_BYTES	289094188
SIZE	277230018	COUNT	2	POTENTIAL_BYTES	277230018
SIZE	276253759	COUNT	2	POTENTIAL_BYTES	276253759
SIZE	258348113	COUNT	2	POTENTIAL_BYTES	258348113
SIZE	256593081	COUNT	2	POTENTIAL_BYTES	256593081
SIZE	252994923	COUNT	2	POTENTIAL_BYTES	252994923
SIZE	251050599	COUNT	2	POTENTIAL_BYTES	251050599
SIZE	244682385	COUNT	2	POTENTIAL_BYTES	244682385
SIZE	239825954	COUNT	2	POTENTIAL_BYTES	239825954
SIZE	238512143	COUNT	3	POTENTIAL_BYTES	477024286
SIZE	237920013	COUNT	2	POTENTIAL_BYTES	237920013
SIZE	229747063	COUNT	3	POTENTIAL_BYTES	459494126
SIZE	225240089	COUNT	7	POTENTIAL_BYTES	1351440534
SIZE	220022022	COUNT	2	POTENTIAL_BYTES	220022022
SIZE	220014106	COUNT	7	POTENTIAL_BYTES	1320084636
SIZE	211640318	COUNT	2	POTENTIAL_BYTES	211640318
SIZE	210920184	COUNT	2	POTENTIAL_BYTES	210920184





















































1131540115	/Volumes/HDD - One Touch/WEBDL/_Keep2Share/Keep2Share - Best 2019 sexy milf legs teen toes amar voyeur candid feet 25.mp4/downloadQK8ZSdBMPEG-4.mp4
1131540115	/Volumes/HDD - One Touch/WEBDL/_Keep2Share/Keep2Share - Best 2019 sexy milf legs teen toes amar voyeur candid feet 25.mp4/wnXbriMPEG-4.mp4
1319906999	/Volumes/HDD - One Touch/WEBDL/youtube/Chelle's Feet/Elevated Perch_ Topping a Barstool in thong sandals/#1 My all Sandals and Flipflops collecton 2022 #SOFIAARMAZZI [B6aRYYMCrGE].mp4
1319906999	/Volumes/HDD - One Touch/WEBDL/youtube/Iwona Blecharczyk/#pisa #tower/#1 My all Sandals and Flipflops collecton 2022 #SOFIAARMAZZI [B6aRYYMCrGE].mp4
1982494987	/Volumes/HDD - One Touch/WEBDL/_Keep2Share/Keep2Share - Best 2019 sexy milf legs teen toes amar voyeur candid feet 25.mp4/038.F.F.B_10447.mp4
1982494987	/Volumes/HDD - One Touch/WEBDL/_Keep2Share/Keep2Share - Best 2019 sexy milf legs teen toes amar voyeur candid feet 25.mp4/B_10447.mp4
210920184	/Volumes/HDD - One Touch/WEBDL/youtube/Toro Is Back/Barefoot Russian Girl Part 6/Girls Casually Going Barefoot Part 8 [m6MAuj2Eay4].mp4
210920184	/Volumes/HDD - One Touch/WEBDL/youtube/Toro Is Back/Girls Casually Going Barefoot Part 7/Girls Casually Going Barefoot Part 8 [m6MAuj2Eay4].mp4
211640318	/Volumes/HDD - One Touch/WEBDL/youtube/NJ Silk/White Girl Soles in the Library/Removing pink boots and socks.mp4
211640318	/Volumes/HDD - One Touch/WEBDL/youtube/SuperStarberst/The Flight Attendant From Heaven/Removing pink boots and socks.mp4
220014106	/Volumes/HDD - One Touch/WEBDL/youtube/3×8 Women's Diving&ArtisticSwimming TV/Women's Diving _ 3x8TV's Italiano Open Torino 3m Highlights _ #diving #tuffi/Women's Diving ｜ [Part2] Young and beautiful Spanish divers ｜ 3x8 TV's Selection  #diving [pMC5tQbOoK4].mp4
220014106	/Volumes/HDD - One Touch/WEBDL/youtube/3×8 Women's Diving&ArtisticSwimming TV/Women's Diving _ Armstand Dive (Handstand Dive​)｜ 3x8 TV's Selection #diving/Women's Diving ｜ [Part2] Young and beautiful Spanish divers ｜ 3x8 TV's Selection  #diving [pMC5tQbOoK4].mp4
220014106	/Volumes/HDD - One Touch/WEBDL/youtube/3×8 Women's Diving&ArtisticSwimming TV/Women's Diving _ Young and beautiful Ukrainian divers ｜ 3x8 TV's Selection #diving/Women's Diving ｜ [Part2] Young and beautiful Spanish divers ｜ 3x8 TV's Selection  #diving [pMC5tQbOoK4].mp4
220014106	/Volumes/HDD - One Touch/WEBDL/youtube/3×8 Women's Diving&ArtisticSwimming TV/Women's Diving _ [Part1] Young and beautiful German divers ｜ 3x8 TV's Selection #diving/Women's Diving ｜ [Part2] Young and beautiful Spanish divers ｜ 3x8 TV's Selection  #diving [pMC5tQbOoK4].mp4
220014106	/Volumes/HDD - One Touch/WEBDL/youtube/3×8 Women's Diving&ArtisticSwimming TV/Women's Diving _ [Part1] Young and beautiful Spanish divers ｜ 3x8 TV's Selection #diving/Women's Diving ｜ [Part2] Young and beautiful Spanish divers ｜ 3x8 TV's Selection  #diving [pMC5tQbOoK4].mp4
220014106	/Volumes/HDD - One Touch/WEBDL/youtube/3×8 Women's Diving&ArtisticSwimming TV/Women's Diving _ [Part2] Young and beautiful German divers ｜ 3x8 TV's Selection #diving/Women's Diving ｜ [Part2] Young and beautiful Spanish divers ｜ 3x8 TV's Selection  #diving [pMC5tQbOoK4].mp4
220014106	/Volumes/HDD - One Touch/WEBDL/youtube/3×8 Women's Diving&ArtisticSwimming TV/Women's Diving _ [Part2] Young and beautiful Spanish divers ｜ 3x8 TV's Selection #diving/Women's Diving ｜ [Part2] Young and beautiful Spanish divers ｜ 3x8 TV's Selection  #diving [pMC5tQbOoK4].mp4
220022022	/Volumes/HDD - One Touch/WEBDL/footfetishforum/Candid Feet Hot Maturewoman With Sandals On Train/Slippers dangling, heel close-up. [152169778].mp4
220022022	/Volumes/HDD - One Touch/WEBDL/patreon/unknown/Slippers dangling, heel close-up. _ Patreon/Slippers dangling, heel close-up. [152169778].mp4
225240089	/Volumes/HDD - One Touch/WEBDL/youtube/3×8 Women's Diving&ArtisticSwimming TV/Women's Diving _ 3x8TV's Italiano Open Torino 3m Highlights _ #diving #tuffi/Women's Diving ｜ Young and beautiful Ukrainian divers ｜ 3x8 TV's Selection  #diving [3spiyEYYnVI].mp4
225240089	/Volumes/HDD - One Touch/WEBDL/youtube/3×8 Women's Diving&ArtisticSwimming TV/Women's Diving _ Armstand Dive (Handstand Dive​)｜ 3x8 TV's Selection #diving/Women's Diving ｜ Young and beautiful Ukrainian divers ｜ 3x8 TV's Selection  #diving [3spiyEYYnVI].mp4
225240089	/Volumes/HDD - One Touch/WEBDL/youtube/3×8 Women's Diving&ArtisticSwimming TV/Women's Diving _ Young and beautiful Ukrainian divers ｜ 3x8 TV's Selection #diving/Women's Diving ｜ Young and beautiful Ukrainian divers ｜ 3x8 TV's Selection  #diving [3spiyEYYnVI].mp4
225240089	/Volumes/HDD - One Touch/WEBDL/youtube/3×8 Women's Diving&ArtisticSwimming TV/Women's Diving _ [Part1] Young and beautiful German divers ｜ 3x8 TV's Selection #diving/Women's Diving ｜ Young and beautiful Ukrainian divers ｜ 3x8 TV's Selection  #diving [3spiyEYYnVI].mp4
225240089	/Volumes/HDD - One Touch/WEBDL/youtube/3×8 Women's Diving&ArtisticSwimming TV/Women's Diving _ [Part1] Young and beautiful Spanish divers ｜ 3x8 TV's Selection #diving/Women's Diving ｜ Young and beautiful Ukrainian divers ｜ 3x8 TV's Selection  #diving [3spiyEYYnVI].mp4
225240089	/Volumes/HDD - One Touch/WEBDL/youtube/3×8 Women's Diving&ArtisticSwimming TV/Women's Diving _ [Part2] Young and beautiful German divers ｜ 3x8 TV's Selection #diving/Women's Diving ｜ Young and beautiful Ukrainian divers ｜ 3x8 TV's Selection  #diving [3spiyEYYnVI].mp4
225240089	/Volumes/HDD - One Touch/WEBDL/youtube/3×8 Women's Diving&ArtisticSwimming TV/Women's Diving _ [Part2] Young and beautiful Spanish divers ｜ 3x8 TV's Selection #diving/Women's Diving ｜ Young and beautiful Ukrainian divers ｜ 3x8 TV's Selection  #diving [3spiyEYYnVI].mp4
229747063	/Volumes/HDD - One Touch/WEBDL/footfetishforum/Candid Feet Hot Maturewoman With Sandals On Train/Beauty woman in slippers, nice feet on train. [153282721].mp4
229747063	/Volumes/HDD - One Touch/WEBDL/patreon/unknown/Candid feet _ Patreon/Beauty woman in slippers, nice feet on train. [153282721] [#62320].mp4
229747063	/Volumes/HDD - One Touch/WEBDL/patreon/unknown/Candid feet _ Patreon/Beauty woman in slippers, nice feet on train. [153282721].mp4
237920013	/Volumes/HDD - One Touch/WEBDL/_Keep2Share/Keep2Share - Recommended videos/894_hd.mp4
237920013	/Volumes/HDD - One Touch/WEBDL/_Keep2Share/Sexy Nudists on the Beach, Hidden Cam - Page 8 - Amateur Voyeur Forum/beachnudescvxhc062.mp4
238512143	/Volumes/HDD - One Touch/WEBDL/youtube/Allyoucanfeet/Victoria - Barefoot in the Kitchen/double dangling and show her feet [fhbK0a6-6kk].mp4
238512143	/Volumes/HDD - One Touch/WEBDL/youtube/Feet Bra/Franciely Freduzeski Pés_Solas Feet_Soles #1/double dangling and show her feet [fhbK0a6-6kk].mp4
238512143	/Volumes/HDD - One Touch/WEBDL/youtube/Kat x/HD soles scrunching and flexing/double dangling and show her feet [fhbK0a6-6kk].mp4
239825954	/Volumes/HDD - One Touch/WEBDL/_Keep2Share/Keep2Share - Recommended videos/kinky-fetishes.porn_6FGa.mp4
239825954	/Volumes/HDD - One Touch/WEBDL/_Keep2Share/Sexy Nudists on the Beach, Hidden Cam - Page 3 - Amateur Voyeur Forum/beachnudescvxhc154.mp4
244682385	/Volumes/HDD - One Touch/WEBDL/Videodownloadhelper/Sidneys Giant Bare Feet Tease Long Toes Wrinkled Soles(1).mkv
244682385	/Volumes/HDD - One Touch/WEBDL/Videodownloadhelper/Sidneys Giant Bare Feet Tease Long Toes Wrinkled Soles.mkv
251050599	/Volumes/HDD - One Touch/WEBDL/zishy/Victoria Ramos/Victoria Ramos Tango Porteno 2 - Zishy/Victoria Ramos Tango Porteno 2 - Zishy (1) [2562-victoria-ramos-tango-porteno-2-1].mp4
251050599	/Volumes/HDD - One Touch/WEBDL/zishy/unknown/victoria_ramos_bath/victoria_ramos_bath.mp4
252994923	/Volumes/HDD - One Touch/WEBDL/_4KDownloader/hub/29/Candid Mature Blonde Girl Feet Barefoot Part 2 [Doj89_x-vIo].webm
252994923	/Volumes/HDD - One Touch/WEBDL/_4KDownloader/hub/49/Candid Mature Blonde Girl Feet Barefoot Part 2 [Doj89_x-vIo].webm
256593081	/Volumes/HDD - One Touch/WEBDL/footfetishforum/Candid Feet Hot Maturewoman With Sandals On Train/Slippers dangling dangling out of bar, nice feet bareheels close-up. [153612206].mp4
256593081	/Volumes/HDD - One Touch/WEBDL/patreon/unknown/Candid feet _ Patreon/Slippers dangling dangling out of bar, nice feet bareheels close-up. [153612206].mp4
258348113	/Volumes/HDD - One Touch/WEBDL/imports/videodownloadhelper/Candid_feet_skinny_blonde_long_soles_(1)_tubyql.mkv
258348113	/Volumes/HDD - One Touch/WEBDL/imports/videodownloadhelper/Candid_feet_skinny_blonde_long_soles_1wfmnen.mkv
276253759	/Volumes/HDD - One Touch/WEBDL/footfetishforum/Candid Feet Hot Maturewoman With Sandals On Train/Nylon legs in the the grass. [153935493].mp4
276253759	/Volumes/HDD - One Touch/WEBDL/patreon/unknown/Candid feet _ Patreon/Nylon legs in the the grass. [153935493].mp4
277230018	/Volumes/HDD - One Touch/WEBDL/_Keep2Share/Webcam girls show off their alluring dignity - Page 6 - Amateur Voyeur Forum/WebCamVideos003990.mp4
277230018	/Volumes/HDD - One Touch/WEBDL/_Keep2Share/Webcam girls show off their alluring dignity - Page 9 - Amateur Voyeur Forum/WebCamVideos004293.mp4
289094188	/Volumes/HDD - One Touch/WEBDL/youtube/Feet Bra/Franciely Freduzeski Pés_Solas Feet_Soles #1/girl perfection feet soles compil [ghw7VPSNHWI].mp4
289094188	/Volumes/HDD - One Touch/WEBDL/youtube/Kat x/HD soles scrunching and flexing/girl perfection feet soles compil [ghw7VPSNHWI].mp4
304886270	/Volumes/HDD - One Touch/WEBDL/footfetishforum/Candid Feet Hot Maturewoman With Sandals On Train/Beauty girls, candid nylon and ugg and other two dirty boots type. [153980564].mp4
304886270	/Volumes/HDD - One Touch/WEBDL/patreon/unknown/Candid feet _ Patreon/Beauty girls, candid nylon and ugg and other two dirty boots type. [153980564].mp4
313953650	/Volumes/HDD - One Touch/WEBDL/youtube/FeetTopicVideos/Gorgeous blonde sweaty feet/This a real massage service [du6sljAOG78].mp4
313953650	/Volumes/HDD - One Touch/WEBDL/youtube/VitFeet/Smelly feet 3/This a real massage service [du6sljAOG78].mp4
314654531	/Volumes/HDD - One Touch/WEBDL/footfetishforum/Candid Feet Hot Maturewoman With Sandals On Train/Slippers dangling, amazing baresoles. [153172932].mp4
314654531	/Volumes/HDD - One Touch/WEBDL/patreon/unknown/Candid feet _ Patreon/Slippers dangling, amazing baresoles. [153172932] [#62320].mp4
314654531	/Volumes/HDD - One Touch/WEBDL/patreon/unknown/Candid feet _ Patreon/Slippers dangling, amazing baresoles. [153172932].mp4
314753330	/Volumes/HDD - One Touch/WEBDL/footfetishforum/Candid Feet Hot Maturewoman With Sandals On Train/Admirable feet and crossed legs, golden strappy sandals. [153173156].mp4
314753330	/Volumes/HDD - One Touch/WEBDL/patreon/unknown/Candid feet _ Patreon/Admirable feet and crossed legs, golden strappy sandals. [153173156] [#62320].mp4
314753330	/Volumes/HDD - One Touch/WEBDL/patreon/unknown/Candid feet _ Patreon/Admirable feet and crossed legs, golden strappy sandals. [153173156].mp4
323229192	/Volumes/HDD - One Touch/WEBDL/youtube/FeetTopicVideos/Gorgeous blonde sweaty feet/Abbie's wrinkled soles toe curling scrunching sweaty feet British English girls brunette foot play [8rLayQkv6Ec].mp4
323229192	/Volumes/HDD - One Touch/WEBDL/youtube/VitFeet/Smelly feet 3/Abbie's wrinkled soles toe curling scrunching sweaty feet British English girls brunette foot play [8rLayQkv6Ec].mp4
341991156	/Volumes/HDD - One Touch/WEBDL/_Keep2Share/Webcam girls show off their alluring dignity - Page 6 - Amateur Voyeur Forum/WebCamVideos003326.mp4
341991156	/Volumes/HDD - One Touch/WEBDL/_Keep2Share/Webcam girls show off their alluring dignity - Page 6 - Amateur Voyeur Forum/WebCamVideos003936.mp4
342085366	/Volumes/HDD - One Touch/WEBDL/footfetishforum/Candid Feet Hot Maturewoman With Sandals On Train/Slippers dangling under train seat, soles view near and under her soles. [153386929].mp4
342085366	/Volumes/HDD - One Touch/WEBDL/patreon/unknown/Candid feet _ Patreon/Slippers dangling under train seat, soles view near and under her soles. [153386929] [#62320].mp4
354492556	/Volumes/HDD - One Touch/WEBDL/youtube/AllAboutFeet/9 Ladies Soles Massage! In public/LEM Foot Massage ＊Amelia＊ [ASMR] [smNReVrrwSs].mp4
354492556	/Volumes/HDD - One Touch/WEBDL/youtube/FEET GR/Perla Vatiero/LEM Foot Massage ＊Amelia＊ [ASMR] [smNReVrrwSs].mp4
354492556	/Volumes/HDD - One Touch/WEBDL/youtube/Massages&Playlists/Massaging her feet/LEM Foot Massage ＊Amelia＊ [ASMR] [smNReVrrwSs].mp4
354492556	/Volumes/HDD - One Touch/WEBDL/youtube/Massages&Playlists/Massaging her tired feet after work/LEM Foot Massage ＊Amelia＊ [ASMR] [smNReVrrwSs].mp4
354492556	/Volumes/HDD - One Touch/WEBDL/youtube/VitFeet/Massaging my feet as I work/LEM Foot Massage ＊Amelia＊ [ASMR] [smNReVrrwSs].mp4
355052444	/Volumes/HDD - One Touch/WEBDL/youtube/3×8 Women's Diving&ArtisticSwimming TV/Women's Diving _ 3x8TV's Italiano Open Torino 3m Highlights _ #diving #tuffi/Women's Diving ｜ [Part1] Young and beautiful Spanish divers ｜ 3x8 TV's Selection  #diving [mhzNUVTjTWs].mp4
355052444	/Volumes/HDD - One Touch/WEBDL/youtube/3×8 Women's Diving&ArtisticSwimming TV/Women's Diving _ Armstand Dive (Handstand Dive​)｜ 3x8 TV's Selection #diving/Women's Diving ｜ [Part1] Young and beautiful Spanish divers ｜ 3x8 TV's Selection  #diving [mhzNUVTjTWs].mp4
355052444	/Volumes/HDD - One Touch/WEBDL/youtube/3×8 Women's Diving&ArtisticSwimming TV/Women's Diving _ Young and beautiful Ukrainian divers ｜ 3x8 TV's Selection #diving/Women's Diving ｜ [Part1] Young and beautiful Spanish divers ｜ 3x8 TV's Selection  #diving [mhzNUVTjTWs].mp4
355052444	/Volumes/HDD - One Touch/WEBDL/youtube/3×8 Women's Diving&ArtisticSwimming TV/Women's Diving _ [Part1] Young and beautiful German divers ｜ 3x8 TV's Selection #diving/Women's Diving ｜ [Part1] Young and beautiful Spanish divers ｜ 3x8 TV's Selection  #diving [mhzNUVTjTWs].mp4
355052444	/Volumes/HDD - One Touch/WEBDL/youtube/3×8 Women's Diving&ArtisticSwimming TV/Women's Diving _ [Part1] Young and beautiful Spanish divers ｜ 3x8 TV's Selection #diving/Women's Diving ｜ [Part1] Young and beautiful Spanish divers ｜ 3x8 TV's Selection  #diving [mhzNUVTjTWs].mp4
355052444	/Volumes/HDD - One Touch/WEBDL/youtube/3×8 Women's Diving&ArtisticSwimming TV/Women's Diving _ [Part2] Young and beautiful German divers ｜ 3x8 TV's Selection #diving/Women's Diving ｜ [Part1] Young and beautiful Spanish divers ｜ 3x8 TV's Selection  #diving [mhzNUVTjTWs].mp4
355052444	/Volumes/HDD - One Touch/WEBDL/youtube/3×8 Women's Diving&ArtisticSwimming TV/Women's Diving _ [Part2] Young and beautiful Spanish divers ｜ 3x8 TV's Selection #diving/Women's Diving ｜ [Part1] Young and beautiful Spanish divers ｜ 3x8 TV's Selection  #diving [mhzNUVTjTWs].mp4
365663820	/Volumes/HDD - One Touch/WEBDL/footfetishforum/Candid Feet Hot Maturewoman With Sandals On Train/Dirty feet soles with slippers, back view, crossed ankles. [153124398].mp4
365663820	/Volumes/HDD - One Touch/WEBDL/patreon/unknown/Candid feet _ Patreon/Dirty feet soles with slippers, back view, crossed ankles. [153124398] [#62320].temp.mp4
374185048	/Volumes/HDD - One Touch/WEBDL/patreon/unknown/Candid feet _ Patreon/Dirty feet soles with slippers, back view, crossed ankles. [153124398] [#62320].mp4
374185048	/Volumes/HDD - One Touch/WEBDL/patreon/unknown/Candid feet _ Patreon/Dirty feet soles with slippers, back view, crossed ankles. [153124398].mp4
385839919	/Volumes/HDD - One Touch/WEBDL/youtube/FeetTopicVideos/Gorgeous blonde sweaty feet/Soleful Discussions Part 156 [3kG8DGH_Vpk].mp4
385839919	/Volumes/HDD - One Touch/WEBDL/youtube/VitFeet/Smelly feet 3/Soleful Discussions Part 156 [3kG8DGH_Vpk].mp4
405625710	/Volumes/HDD - One Touch/WEBDL/footfetishforum/Candid Feet Hot Maturewoman With Sandals On Train/Slippers dangling, pretty woman's feet [153266868].mp4
405625710	/Volumes/HDD - One Touch/WEBDL/patreon/unknown/Candid feet _ Patreon/Slippers dangling, pretty woman's feet [153266868] [#62320].mp4
405625710	/Volumes/HDD - One Touch/WEBDL/patreon/unknown/Candid feet _ Patreon/Slippers dangling, pretty woman's feet [153266868].temp.mp4
409289620	/Volumes/HDD - One Touch/WEBDL/footfetishforum/Candid Feet Hot Maturewoman With Sandals On Train/Amazing elegant high heel sandals. [153617334].mp4
409289620	/Volumes/HDD - One Touch/WEBDL/patreon/unknown/Candid feet _ Patreon/Amazing elegant high heel sandals. [153617334].mp4
417469653	/Volumes/HDD - One Touch/WEBDL/footfetishforum/Candid Feet Hot Maturewoman With Sandals On Train/Sandal heels, beauty girl in love. [153849165].mp4
417469653	/Volumes/HDD - One Touch/WEBDL/patreon/unknown/Candid feet _ Patreon/Sandal heels, beauty girl in love. [153849165].mp4
424780950	/Volumes/HDD - One Touch/WEBDL/footfetishforum/Candid Feet Hot Maturewoman With Sandals On Train/Amazing beauty nylon crossed legs with cute soft moccasins. [153938895].mp4
424780950	/Volumes/HDD - One Touch/WEBDL/patreon/unknown/Candid feet _ Patreon/Amazing beauty nylon crossed legs with cute soft moccasins. [153938895].temp.mp4
430451414	/Volumes/HDD - One Touch/WEBDL/youtube/NJ Silk/White Girl Soles in the Library/TAG： AMIGAS! - No Meu Lugar (com Patrícia Eicke).mp4
430451414	/Volumes/HDD - One Touch/WEBDL/youtube/SuperStarberst/The Flight Attendant From Heaven/TAG： AMIGAS! - No Meu Lugar (com Patrícia Eicke).mp4
439863614	/Volumes/HDD - One Touch/WEBDL/footfetishforum/Candid Feet Hot Maturewoman With Sandals On Train/Amazing slippers soles feet view, beauty girl sitting ona high seat out of bar. [153613001].mp4
439863614	/Volumes/HDD - One Touch/WEBDL/patreon/unknown/Candid feet _ Patreon/Amazing slippers soles feet view, beauty girl sitting ona high seat out of bar. [153613001].mp4
519268787	/Volumes/HDD - One Touch/WEBDL/footfetishforum/Candid Feet Hot Maturewoman With Sandals On Train/Beautyful blonde girl with arched feet and high heels [153673398].mp4
519268787	/Volumes/HDD - One Touch/WEBDL/patreon/unknown/Candid feet _ Patreon/Beautyful blonde girl with arched feet and high heels [153673398].temp.mp4
521041626	/Volumes/HDD - One Touch/WEBDL/youtube/Chelle's Feet/Elevated Perch_ Topping a Barstool in thong sandals/Crush military truck toy with my black Ipanema sandals floor view birthday special 29 #SOFIAARMAZZI [MyIu9-NkplU].mp4
521041626	/Volumes/HDD - One Touch/WEBDL/youtube/Davina Gold/Step into Summer_ Sandal Try On Haul 👡✨_/Crush military truck toy with my black Ipanema sandals floor view birthday special 29 #SOFIAARMAZZI [MyIu9-NkplU].mp4
521041626	/Volumes/HDD - One Touch/WEBDL/youtube/Iwona Blecharczyk/# #trucking #summer #girl/Crush military truck toy with my black Ipanema sandals floor view birthday special 29 #SOFIAARMAZZI [MyIu9-NkplU].mp4
521041626	/Volumes/HDD - One Touch/WEBDL/youtube/Iwona Blecharczyk/#pisa #tower/Crush military truck toy with my black Ipanema sandals floor view birthday special 29 #SOFIAARMAZZI [MyIu9-NkplU].mp4
521041626	/Volumes/HDD - One Touch/WEBDL/youtube/Iwona Blecharczyk/Volvo AERO/Crush military truck toy with my black Ipanema sandals floor view birthday special 29 #SOFIAARMAZZI [MyIu9-NkplU].mp4
521041626	/Volumes/HDD - One Touch/WEBDL/youtube/Pezinhos Amora/Amora Feet - Close shoeplay and soles/Crush military truck toy with my black Ipanema sandals floor view birthday special 29 #SOFIAARMAZZI [MyIu9-NkplU].mp4
521041626	/Volumes/HDD - One Touch/WEBDL/youtube/Snow Princess ASMR/ASMR _ Walking in new Sandal/Crush military truck toy with my black Ipanema sandals floor view birthday special 29 #SOFIAARMAZZI [MyIu9-NkplU].mp4
549267731	/Volumes/HDD - One Touch/WEBDL/youtube/Chelle's Feet/Elevated Perch_ Topping a Barstool in thong sandals/Crush military truck toy with my black Ipanema sandals #SOFIAARMAZZI [fkiglnjqGwk].mp4
549267731	/Volumes/HDD - One Touch/WEBDL/youtube/Davina Gold/Step into Summer_ Sandal Try On Haul 👡✨_/Crush military truck toy with my black Ipanema sandals #SOFIAARMAZZI [fkiglnjqGwk].mp4
549267731	/Volumes/HDD - One Touch/WEBDL/youtube/Iwona Blecharczyk/# #trucking #summer #girl/Crush military truck toy with my black Ipanema sandals #SOFIAARMAZZI [fkiglnjqGwk].mp4
549267731	/Volumes/HDD - One Touch/WEBDL/youtube/Iwona Blecharczyk/#pisa #tower/Crush military truck toy with my black Ipanema sandals #SOFIAARMAZZI [fkiglnjqGwk].mp4
549267731	/Volumes/HDD - One Touch/WEBDL/youtube/Snow Princess ASMR/ASMR _ Walking in new Sandal/Crush military truck toy with my black Ipanema sandals #SOFIAARMAZZI [fkiglnjqGwk].mp4
565027177	/Volumes/HDD - One Touch/WEBDL/_Keep2Share/Keep2Share - Recommended videos/beachnudistsvideo140.mp4
565027177	/Volumes/HDD - One Touch/WEBDL/_Keep2Share/Sexy Nudists on the Beach, Hidden Cam - Amateur Voyeur Forum/beachnudescvxhc109.mp4
570996922	/Volumes/HDD - One Touch/WEBDL/_Keep2Share/Keep2Share - Best 2019 sexy milf legs teen toes amar voyeur candid feet 25.mp4/Foot_Domination-New_Slave_Girl_Learns_to_Lick_Feet_-_UnderGirlsFeet_FullHD_1080p-xfantazy2024.mp4
570996922	/Volumes/HDD - One Touch/WEBDL/_Keep2Share/Keep2Share - Best 2019 sexy milf legs teen toes amar voyeur candid feet 25.mp4/downloadv8xtlLgMPEG-4.mp4
575809391	/Volumes/HDD - One Touch/WEBDL/_4KDownloader/hub/1356/POV： CRAZIEST Waterslide at ACTION Aquapark in Sunny Beach ｜ Waterpark in Bulgaria, Europe [Os1opQ3MtGc].webm
575809391	/Volumes/HDD - One Touch/WEBDL/_4KDownloader/hub/1371/POV： CRAZIEST Waterslide at ACTION Aquapark in Sunny Beach ｜ Waterpark in Bulgaria, Europe [QL32sOtHMjw].webm
592253658	/Volumes/HDD - One Touch/WEBDL/youtube/Toro Is Back/Barefoot Russian Girl Part 6/Barefoot Russian Girl Part 6 [qwUTISiRil4].f137.mp4
592253658	/Volumes/HDD - One Touch/WEBDL/youtube/Toro Is Back/Girls Casually Going Barefoot Part 7/Barefoot Russian Girl Part 6 [qwUTISiRil4].f137.mp4
597706611	/Volumes/HDD - One Touch/WEBDL/_Keep2Share/Keep2Share - Best 2019 sexy milf legs teen toes amar voyeur candid feet 25.mp4/7744 Lick My Feet.mp4
597706611	/Volumes/HDD - One Touch/WEBDL/_Keep2Share/Keep2Share - Best 2019 sexy milf legs teen toes amar voyeur candid feet 25.mp4/downloadN3pDvMPEG-4.mp4
620516539	/Volumes/HDD - One Touch/WEBDL/youtube/Toro Is Back/Barefoot Russian Girl Part 6/Barefoot Russian Girl Part 6 [qwUTISiRil4].temp.mp4
620516539	/Volumes/HDD - One Touch/WEBDL/youtube/Toro Is Back/Girls Casually Going Barefoot Part 7/Barefoot Russian Girl Part 6 [qwUTISiRil4].temp.mp4
678055624	/Volumes/HDD - One Touch/WEBDL/youtube/FEET GR/Perla Vatiero/修脚好啊，修脚得学  #无不良引导#修脚#第一视角#沉浸式体验#在拍一种很新的vlog [sI1g5eAAZZQ].mp4
678055624	/Volumes/HDD - One Touch/WEBDL/youtube/VitFeet/Massaging my feet as I work/修脚好啊，修脚得学  #无不良引导#修脚#第一视角#沉浸式体验#在拍一种很新的vlog [sI1g5eAAZZQ].mp4
716374968	/Volumes/HDD - One Touch/WEBDL/_Keep2Share/Keep2Share - Best 2019 sexy milf legs teen toes amar voyeur candid feet 25.mp4/download2BJWcbMPEG-4.mp4
716374968	/Volumes/HDD - One Touch/WEBDL/_Keep2Share/Keep2Share - Best 2019 sexy milf legs teen toes amar voyeur candid feet 25.mp4/downloadBkbMPEG-4.mp4
770971541	/Volumes/HDD - One Touch/WEBDL/_4KDownloader/hub/1355/POV： CRAZIEST Waterslide at ACTION Aquapark in Sunny Beach ｜ Waterpark in Bulgaria, Europe [KZHw3SUpz2k].webm
770971541	/Volumes/HDD - One Touch/WEBDL/_4KDownloader/hub/1370/POV： CRAZIEST Waterslide at ACTION Aquapark in Sunny Beach ｜ Waterpark in Bulgaria, Europe [aJPd-WO746o].webm
773007882	/Volumes/HDD - One Touch/WEBDL/youtube/ClaireBear61485/Me + Slide = Oh Snap!/Tortorici (ME) - S. Sebastiano - 2018.mp4
773007882	/Volumes/HDD - One Touch/WEBDL/youtube/Heimatverein D'Burgstoana/Cold Water Challenge 2014 Heimatverein D'Burgstoana Eben im Pongau/Tortorici (ME) - S. Sebastiano - 2018.mp4
798265990	/Volumes/HDD - One Touch/WEBDL/youtube/Allyoucanfeet/Victoria - Barefoot in the Kitchen/Hi guy bed time [Dx6PMPYq9uc].mp4
798265990	/Volumes/HDD - One Touch/WEBDL/youtube/Kat x/HD soles scrunching and flexing/Hi guy bed time [Dx6PMPYq9uc].mp4
944156844	/Volumes/HDD - One Touch/WEBDL/clips/splishsplashadventures/Is This Europe_s CRAZIEST Water Park_ Aquapark Nessebar_ Bulgaria _ All Waterslides (Complete POV).mp4
944156844	/Volumes/HDD - One Touch/WEBDL/clips/splishsplashadventures/Is This Europe_s CRAZIEST Water Park_ Aquapark Nessebar_ Bulgaria _ All Waterslides (Complete POV)_1.mp4
944156844	/Volumes/HDD - One Touch/WEBDL/clips/splishsplashadventures/Is This Europe_s CRAZIEST Water Park_ Aquapark Nessebar_ Bulgaria _ All Waterslides (Complete POV)_2.mp4
944156844	/Volumes/HDD - One Touch/WEBDL/clips/splishsplashadventuresclips/Is This Europe_s CRAZIEST Water Park_ Aquapark Nessebar_ Bulgaria _ All Waterslides (Complete POV).mp4
944156844	/Volumes/HDD - One Touch/WEBDL/youtube/Is This Europe_s CRAZIEST Water Park? Aquapark Nessebar, Bulgaria | All Waterslides (Complete POV).mp4
